{"cameraMode":{"drawMode":0,"name":"Shaded","section":"Shading Mode"},"sceneLighting":false,"audioPlay":false,"sceneViewState":{"m_AlwaysRefresh":false,"showFog":true,"showSkybox":false,"showFlares":true,"showImageEffects":true,"showParticleSystems":true,"showVisualEffectGraphs":true,"m_FxEnabled":true},"in2DMode":false,"pivot":{"x":-4.448057651519775,"y":0.07025890052318573,"z":1.240962266921997},"rotation":{"x":0.060110099613666537,"y":-0.07330523431301117,"z":0.004425682593137026,"w":0.995486855506897},"size":1.1869505643844605,"orthographic":false}